{
  "project_info": {
    "project_number": "507630718979",
    "firebase_url": "https://amitfinal-4b1c6.firebaseio.com",
    "project_id": "amitfinal-4b1c6",
    "storage_bucket": "amitfinal-4b1c6.appspot.com"
  },
  "client": [
    {
      "client_info": {
        "mobilesdk_app_id": "1:507630718979:android:eec40e2393f536042cfe36",
        "android_client_info": {
          "package_name": "com.example.amitfinal"
        }
      },
      "oauth_client": [
        {
          "client_id": "507630718979-cpeq7dhffig1n2qf0l8sfp4vfnll74c8.apps.googleusercontent.com",
          "client_type": 3
        }
      ],
      "api_key": [
        {
          "current_key": "AIzaSyCvAaCML18ToBBHYpNi2TtkbtkX965hW-g"
        }
      ],
      "services": {
        "appinvite_service": {
          "other_platform_oauth_client": [
            {
              "client_id": "507630718979-cpeq7dhffig1n2qf0l8sfp4vfnll74c8.apps.googleusercontent.com",
              "client_type": 3
            }
          ]
        }
      }
    }
  ],
  "configuration_version": "1"
}